"Gene","Direction","Count","Files"
"CCL5","UP",2,"GFP+IFNB1_vs_GFP,NS5+IFNB1_vs_GFP+IFNB1"
"RARRES3","UP",2,"GFP+IFNB1_vs_GFP,NS5+IFNB1_vs_GFP+IFNB1"
"APOL1","UP",1,"GFP+IFNB1_vs_GFP"
"B4GALT1","UP",1,"GFP+IFNB1_vs_GFP"
"B4GALT1","DOWN",1,"NS5+IFNB1_vs_GFP+IFNB1"
"C1R","UP",1,"GFP+IFNB1_vs_GFP"
"CD38","UP",1,"GFP+IFNB1_vs_GFP"
"CFB","UP",1,"GFP+IFNB1_vs_GFP"
"CTSS","UP",1,"GFP+IFNB1_vs_GFP"
"CXCL10","UP",1,"GFP+IFNB1_vs_GFP"
"CXCL11","UP",1,"GFP+IFNB1_vs_GFP"
"CXCL5","UP",1,"GFP+IFNB1_vs_GFP"
"HLA.A","UP",1,"GFP+IFNB1_vs_GFP"
"IDO1","UP",1,"GFP+IFNB1_vs_GFP"
"IFI30","UP",1,"GFP+IFNB1_vs_GFP"
"LAMP3","UP",1,"GFP+IFNB1_vs_GFP"
"SDC4","UP",1,"GFP+IFNB1_vs_GFP"
"TGM2","UP",1,"GFP+IFNB1_vs_GFP"
"UBD","UP",1,"GFP+IFNB1_vs_GFP"
"WARS","UP",1,"GFP+IFNB1_vs_GFP"
"ABCE1","UP",1,"NS5+IFNB1_vs_GFP+IFNB1"
"ACO1","UP",1,"NS5+IFNB1_vs_GFP+IFNB1"
"ACP1","UP",1,"NS5+IFNB1_vs_GFP+IFNB1"
"ACYP2","DOWN",1,"NS5+IFNB1_vs_GFP+IFNB1"
"ADD2","UP",1,"NS5+IFNB1_vs_GFP+IFNB1"
"ADSL","UP",1,"NS5+IFNB1_vs_GFP+IFNB1"
"AEBP2","DOWN",1,"NS5+IFNB1_vs_GFP+IFNB1"
"AFF4","DOWN",1,"NS5+IFNB1_vs_GFP+IFNB1"
"AHR","DOWN",1,"NS5+IFNB1_vs_GFP+IFNB1"
"AIFM1","UP",1,"NS5+IFNB1_vs_GFP+IFNB1"
"AJUBA","DOWN",1,"NS5+IFNB1_vs_GFP+IFNB1"
"AK2","UP",1,"NS5+IFNB1_vs_GFP+IFNB1"
"AKAP12","DOWN",1,"NS5+IFNB1_vs_GFP+IFNB1"
"AKT1","DOWN",1,"NS5+IFNB1_vs_GFP+IFNB1"
"ALDH3A1","UP",1,"NS5+IFNB1_vs_GFP+IFNB1"
"ALOXE3","DOWN",1,"NS5+IFNB1_vs_GFP+IFNB1"
"AMIGO2","DOWN",1,"NS5+IFNB1_vs_GFP+IFNB1"
"ANAPC5","UP",1,"NS5+IFNB1_vs_GFP+IFNB1"
"ANO6","DOWN",1,"NS5+IFNB1_vs_GFP+IFNB1"
"AP1S1","UP",1,"NS5+IFNB1_vs_GFP+IFNB1"
"APOO","UP",1,"NS5+IFNB1_vs_GFP+IFNB1"
"APRT","UP",1,"NS5+IFNB1_vs_GFP+IFNB1"
"APTX","UP",1,"NS5+IFNB1_vs_GFP+IFNB1"
"AREG","DOWN",1,"NS5+IFNB1_vs_GFP+IFNB1"
"ARF4","UP",1,"NS5+IFNB1_vs_GFP+IFNB1"
"ARID4B","DOWN",1,"NS5+IFNB1_vs_GFP+IFNB1"
"ARL5B","DOWN",1,"NS5+IFNB1_vs_GFP+IFNB1"
"ARMC1","UP",1,"NS5+IFNB1_vs_GFP+IFNB1"
"ARMCX6","DOWN",1,"NS5+IFNB1_vs_GFP+IFNB1"
"ARPC3","UP",1,"NS5+IFNB1_vs_GFP+IFNB1"
"ARRDC4","DOWN",1,"NS5+IFNB1_vs_GFP+IFNB1"
"ASB7","DOWN",1,"NS5+IFNB1_vs_GFP+IFNB1"
"ASPH","UP",1,"NS5+IFNB1_vs_GFP+IFNB1"
"ASPSCR1","UP",1,"NS5+IFNB1_vs_GFP+IFNB1"
"ATIC","UP",1,"NS5+IFNB1_vs_GFP+IFNB1"
"ATN1","DOWN",1,"NS5+IFNB1_vs_GFP+IFNB1"
"ATP2B4","UP",1,"NS5+IFNB1_vs_GFP+IFNB1"
"ATP5G2","UP",1,"NS5+IFNB1_vs_GFP+IFNB1"
"ATP5I","UP",1,"NS5+IFNB1_vs_GFP+IFNB1"
"ATP5J2","UP",1,"NS5+IFNB1_vs_GFP+IFNB1"
"ATP5L","UP",1,"NS5+IFNB1_vs_GFP+IFNB1"
"ATP5O","UP",1,"NS5+IFNB1_vs_GFP+IFNB1"
"ATP6V0A1","UP",1,"NS5+IFNB1_vs_GFP+IFNB1"
"ATP6V0E1","UP",1,"NS5+IFNB1_vs_GFP+IFNB1"
"ATPIF1","UP",1,"NS5+IFNB1_vs_GFP+IFNB1"
"ATRAID","UP",1,"NS5+IFNB1_vs_GFP+IFNB1"
"ATXN1L","DOWN",1,"NS5+IFNB1_vs_GFP+IFNB1"
"AURKAIP1","UP",1,"NS5+IFNB1_vs_GFP+IFNB1"
"AVL9","DOWN",1,"NS5+IFNB1_vs_GFP+IFNB1"
"B9D1","UP",1,"NS5+IFNB1_vs_GFP+IFNB1"
"BAZ1A","DOWN",1,"NS5+IFNB1_vs_GFP+IFNB1"
"BBS7","DOWN",1,"NS5+IFNB1_vs_GFP+IFNB1"
"BCAT2","UP",1,"NS5+IFNB1_vs_GFP+IFNB1"
"BCCIP","UP",1,"NS5+IFNB1_vs_GFP+IFNB1"
"BCL2A1","UP",1,"NS5+IFNB1_vs_GFP+IFNB1"
"BHLHE40","UP",1,"NS5+IFNB1_vs_GFP+IFNB1"
"BHLHE41","DOWN",1,"NS5+IFNB1_vs_GFP+IFNB1"
"BNIP3","UP",1,"NS5+IFNB1_vs_GFP+IFNB1"
"BOLA3","UP",1,"NS5+IFNB1_vs_GFP+IFNB1"
"BRAT1","UP",1,"NS5+IFNB1_vs_GFP+IFNB1"
"BRIX1","UP",1,"NS5+IFNB1_vs_GFP+IFNB1"
"BRK1","UP",1,"NS5+IFNB1_vs_GFP+IFNB1"
"BRSK1","DOWN",1,"NS5+IFNB1_vs_GFP+IFNB1"
"C12orf57","UP",1,"NS5+IFNB1_vs_GFP+IFNB1"
"C15orf52","DOWN",1,"NS5+IFNB1_vs_GFP+IFNB1"
"C18orf8","DOWN",1,"NS5+IFNB1_vs_GFP+IFNB1"
"C19orf54","DOWN",1,"NS5+IFNB1_vs_GFP+IFNB1"
"C19orf66","DOWN",1,"NS5+IFNB1_vs_GFP+IFNB1"
"C1orf52","DOWN",1,"NS5+IFNB1_vs_GFP+IFNB1"
"C1QBP","UP",1,"NS5+IFNB1_vs_GFP+IFNB1"
"C4orf52","UP",1,"NS5+IFNB1_vs_GFP+IFNB1"
"C7orf55","UP",1,"NS5+IFNB1_vs_GFP+IFNB1"
"CAB39","DOWN",1,"NS5+IFNB1_vs_GFP+IFNB1"
"CACYBP","UP",1,"NS5+IFNB1_vs_GFP+IFNB1"
"CALU","UP",1,"NS5+IFNB1_vs_GFP+IFNB1"
"CAPN2","DOWN",1,"NS5+IFNB1_vs_GFP+IFNB1"
"CAPNS1","UP",1,"NS5+IFNB1_vs_GFP+IFNB1"
"CAPZA2","UP",1,"NS5+IFNB1_vs_GFP+IFNB1"
"CCDC50","DOWN",1,"NS5+IFNB1_vs_GFP+IFNB1"
"CCDC58","UP",1,"NS5+IFNB1_vs_GFP+IFNB1"
"CCDC91","DOWN",1,"NS5+IFNB1_vs_GFP+IFNB1"
"CCNB2","UP",1,"NS5+IFNB1_vs_GFP+IFNB1"
"CCRN4L","DOWN",1,"NS5+IFNB1_vs_GFP+IFNB1"
"CCT6P1","DOWN",1,"NS5+IFNB1_vs_GFP+IFNB1"
"CD99","UP",1,"NS5+IFNB1_vs_GFP+IFNB1"
"CD99P1","DOWN",1,"NS5+IFNB1_vs_GFP+IFNB1"
"CDC123","UP",1,"NS5+IFNB1_vs_GFP+IFNB1"
"CDC27","UP",1,"NS5+IFNB1_vs_GFP+IFNB1"
"CDIPT","UP",1,"NS5+IFNB1_vs_GFP+IFNB1"
"CDK17","DOWN",1,"NS5+IFNB1_vs_GFP+IFNB1"
"CDK2","UP",1,"NS5+IFNB1_vs_GFP+IFNB1"
"CDK5RAP2","UP",1,"NS5+IFNB1_vs_GFP+IFNB1"
"CDKN1A","DOWN",1,"NS5+IFNB1_vs_GFP+IFNB1"
"CDKN1B","DOWN",1,"NS5+IFNB1_vs_GFP+IFNB1"
"CDKN2AIP","DOWN",1,"NS5+IFNB1_vs_GFP+IFNB1"
"CELF1","DOWN",1,"NS5+IFNB1_vs_GFP+IFNB1"
"CENPL","DOWN",1,"NS5+IFNB1_vs_GFP+IFNB1"
"CERK","UP",1,"NS5+IFNB1_vs_GFP+IFNB1"
"CGGBP1","DOWN",1,"NS5+IFNB1_vs_GFP+IFNB1"
"CH25H","UP",1,"NS5+IFNB1_vs_GFP+IFNB1"
"CHAMP1","DOWN",1,"NS5+IFNB1_vs_GFP+IFNB1"
"CHD2","DOWN",1,"NS5+IFNB1_vs_GFP+IFNB1"
"CHD7","DOWN",1,"NS5+IFNB1_vs_GFP+IFNB1"
"CHKA","DOWN",1,"NS5+IFNB1_vs_GFP+IFNB1"
"CIB1","UP",1,"NS5+IFNB1_vs_GFP+IFNB1"
"CKAP2","DOWN",1,"NS5+IFNB1_vs_GFP+IFNB1"
"CKB","UP",1,"NS5+IFNB1_vs_GFP+IFNB1"
"CLASP1","DOWN",1,"NS5+IFNB1_vs_GFP+IFNB1"
"CLINT1","DOWN",1,"NS5+IFNB1_vs_GFP+IFNB1"
"CLN6","UP",1,"NS5+IFNB1_vs_GFP+IFNB1"
"CLPTM1","UP",1,"NS5+IFNB1_vs_GFP+IFNB1"
"CNPY3","UP",1,"NS5+IFNB1_vs_GFP+IFNB1"
"COA4","UP",1,"NS5+IFNB1_vs_GFP+IFNB1"
"COMMD3","UP",1,"NS5+IFNB1_vs_GFP+IFNB1"
"COPS6","UP",1,"NS5+IFNB1_vs_GFP+IFNB1"
"COPZ1","UP",1,"NS5+IFNB1_vs_GFP+IFNB1"
"COX11","UP",1,"NS5+IFNB1_vs_GFP+IFNB1"
"COX16","UP",1,"NS5+IFNB1_vs_GFP+IFNB1"
"COX17","UP",1,"NS5+IFNB1_vs_GFP+IFNB1"
"COX19","UP",1,"NS5+IFNB1_vs_GFP+IFNB1"
"COX6A1","UP",1,"NS5+IFNB1_vs_GFP+IFNB1"
"COX6B1","UP",1,"NS5+IFNB1_vs_GFP+IFNB1"
"CPD","DOWN",1,"NS5+IFNB1_vs_GFP+IFNB1"
"CREBZF","DOWN",1,"NS5+IFNB1_vs_GFP+IFNB1"
"CRY1","DOWN",1,"NS5+IFNB1_vs_GFP+IFNB1"
"CSRNP1","DOWN",1,"NS5+IFNB1_vs_GFP+IFNB1"
"CSRP1","DOWN",1,"NS5+IFNB1_vs_GFP+IFNB1"
"CXCL1","UP",1,"NS5+IFNB1_vs_GFP+IFNB1"
"CYB5B","UP",1,"NS5+IFNB1_vs_GFP+IFNB1"
"CYBRD1","UP",1,"NS5+IFNB1_vs_GFP+IFNB1"
"CYP1A1","DOWN",1,"NS5+IFNB1_vs_GFP+IFNB1"
"CYTH1","DOWN",1,"NS5+IFNB1_vs_GFP+IFNB1"
"DAPK1","UP",1,"NS5+IFNB1_vs_GFP+IFNB1"
"DCAF13","UP",1,"NS5+IFNB1_vs_GFP+IFNB1"
"DCTPP1","UP",1,"NS5+IFNB1_vs_GFP+IFNB1"
"DCUN1D5","UP",1,"NS5+IFNB1_vs_GFP+IFNB1"
"DDB1","UP",1,"NS5+IFNB1_vs_GFP+IFNB1"
"DDIT3","DOWN",1,"NS5+IFNB1_vs_GFP+IFNB1"
"DDOST","UP",1,"NS5+IFNB1_vs_GFP+IFNB1"
"DDRGK1","UP",1,"NS5+IFNB1_vs_GFP+IFNB1"
"DDX18","UP",1,"NS5+IFNB1_vs_GFP+IFNB1"
"DDX39B","UP",1,"NS5+IFNB1_vs_GFP+IFNB1"
"DDX42","DOWN",1,"NS5+IFNB1_vs_GFP+IFNB1"
"DDX60","DOWN",1,"NS5+IFNB1_vs_GFP+IFNB1"
"DEM1","UP",1,"NS5+IFNB1_vs_GFP+IFNB1"
"DFFA","UP",1,"NS5+IFNB1_vs_GFP+IFNB1"
"DIP2B","UP",1,"NS5+IFNB1_vs_GFP+IFNB1"
"DKK3","DOWN",1,"NS5+IFNB1_vs_GFP+IFNB1"
"DLX2","DOWN",1,"NS5+IFNB1_vs_GFP+IFNB1"
"DNAAF2","DOWN",1,"NS5+IFNB1_vs_GFP+IFNB1"
"DNAJC27","DOWN",1,"NS5+IFNB1_vs_GFP+IFNB1"
"DPM2","UP",1,"NS5+IFNB1_vs_GFP+IFNB1"
"DRAP1","UP",1,"NS5+IFNB1_vs_GFP+IFNB1"
"DTX3L","DOWN",1,"NS5+IFNB1_vs_GFP+IFNB1"
"DUSP3","DOWN",1,"NS5+IFNB1_vs_GFP+IFNB1"
"DYNLL2","DOWN",1,"NS5+IFNB1_vs_GFP+IFNB1"
"E2F7","DOWN",1,"NS5+IFNB1_vs_GFP+IFNB1"
"EBNA1BP2","UP",1,"NS5+IFNB1_vs_GFP+IFNB1"
"EEF1A1","UP",1,"NS5+IFNB1_vs_GFP+IFNB1"
"EEF1E1","UP",1,"NS5+IFNB1_vs_GFP+IFNB1"
"EFHD2","UP",1,"NS5+IFNB1_vs_GFP+IFNB1"
"EGFR","UP",1,"NS5+IFNB1_vs_GFP+IFNB1"
"EGR1","DOWN",1,"NS5+IFNB1_vs_GFP+IFNB1"
"EIF1","UP",1,"NS5+IFNB1_vs_GFP+IFNB1"
"EIF2AK2","DOWN",1,"NS5+IFNB1_vs_GFP+IFNB1"
"EIF4A1","UP",1,"NS5+IFNB1_vs_GFP+IFNB1"
"EIF4G1","UP",1,"NS5+IFNB1_vs_GFP+IFNB1"
"ELP5","UP",1,"NS5+IFNB1_vs_GFP+IFNB1"
"EMC9","DOWN",1,"NS5+IFNB1_vs_GFP+IFNB1"
"EMG1","UP",1,"NS5+IFNB1_vs_GFP+IFNB1"
"EMP1","UP",1,"NS5+IFNB1_vs_GFP+IFNB1"
"ENO1","UP",1,"NS5+IFNB1_vs_GFP+IFNB1"
"ENO3","DOWN",1,"NS5+IFNB1_vs_GFP+IFNB1"
"EP300","DOWN",1,"NS5+IFNB1_vs_GFP+IFNB1"
"EPB41L1","UP",1,"NS5+IFNB1_vs_GFP+IFNB1"
"EPC1","DOWN",1,"NS5+IFNB1_vs_GFP+IFNB1"
"EPHB4","UP",1,"NS5+IFNB1_vs_GFP+IFNB1"
"EPN2","UP",1,"NS5+IFNB1_vs_GFP+IFNB1"
"ERBB2IP","DOWN",1,"NS5+IFNB1_vs_GFP+IFNB1"
"ERH","UP",1,"NS5+IFNB1_vs_GFP+IFNB1"
"ERP29","UP",1,"NS5+IFNB1_vs_GFP+IFNB1"
"ETNK1","DOWN",1,"NS5+IFNB1_vs_GFP+IFNB1"
"EXOSC5","UP",1,"NS5+IFNB1_vs_GFP+IFNB1"
"FADS1","UP",1,"NS5+IFNB1_vs_GFP+IFNB1"
"FAM100A","UP",1,"NS5+IFNB1_vs_GFP+IFNB1"
"FAM115A","DOWN",1,"NS5+IFNB1_vs_GFP+IFNB1"
"FAM179B","DOWN",1,"NS5+IFNB1_vs_GFP+IFNB1"
"FAM207A","UP",1,"NS5+IFNB1_vs_GFP+IFNB1"
"FAM214A","DOWN",1,"NS5+IFNB1_vs_GFP+IFNB1"
"FAM76B","DOWN",1,"NS5+IFNB1_vs_GFP+IFNB1"
"FAS","DOWN",1,"NS5+IFNB1_vs_GFP+IFNB1"
"FAT1","UP",1,"NS5+IFNB1_vs_GFP+IFNB1"
"FBXO11","DOWN",1,"NS5+IFNB1_vs_GFP+IFNB1"
"FBXO22","UP",1,"NS5+IFNB1_vs_GFP+IFNB1"
"FDX1","UP",1,"NS5+IFNB1_vs_GFP+IFNB1"
"FEM1B","DOWN",1,"NS5+IFNB1_vs_GFP+IFNB1"
"FGD6","DOWN",1,"NS5+IFNB1_vs_GFP+IFNB1"
"FGF2","DOWN",1,"NS5+IFNB1_vs_GFP+IFNB1"
"FKBP14","UP",1,"NS5+IFNB1_vs_GFP+IFNB1"
"FNBP4","DOWN",1,"NS5+IFNB1_vs_GFP+IFNB1"
"FNIP1","DOWN",1,"NS5+IFNB1_vs_GFP+IFNB1"
"FOS","DOWN",1,"NS5+IFNB1_vs_GFP+IFNB1"
"FOSL1","UP",1,"NS5+IFNB1_vs_GFP+IFNB1"
"FOXJ3","DOWN",1,"NS5+IFNB1_vs_GFP+IFNB1"
"FOXN2","DOWN",1,"NS5+IFNB1_vs_GFP+IFNB1"
"FUS","UP",1,"NS5+IFNB1_vs_GFP+IFNB1"
"G6PC3","UP",1,"NS5+IFNB1_vs_GFP+IFNB1"
"GADD45GIP1","UP",1,"NS5+IFNB1_vs_GFP+IFNB1"
"GAS2L3","DOWN",1,"NS5+IFNB1_vs_GFP+IFNB1"
"GATA3","DOWN",1,"NS5+IFNB1_vs_GFP+IFNB1"
"GATAD1","DOWN",1,"NS5+IFNB1_vs_GFP+IFNB1"
"GCLM","DOWN",1,"NS5+IFNB1_vs_GFP+IFNB1"
"GLMN","UP",1,"NS5+IFNB1_vs_GFP+IFNB1"
"GLOD4","UP",1,"NS5+IFNB1_vs_GFP+IFNB1"
"GLRX5","UP",1,"NS5+IFNB1_vs_GFP+IFNB1"
"GNB2L1","UP",1,"NS5+IFNB1_vs_GFP+IFNB1"
"GPATCH4","UP",1,"NS5+IFNB1_vs_GFP+IFNB1"
"GPATCH8","DOWN",1,"NS5+IFNB1_vs_GFP+IFNB1"
"GPBP1","DOWN",1,"NS5+IFNB1_vs_GFP+IFNB1"
"GPRC5A","UP",1,"NS5+IFNB1_vs_GFP+IFNB1"
"GPRC5B","UP",1,"NS5+IFNB1_vs_GFP+IFNB1"
"GPX4","UP",1,"NS5+IFNB1_vs_GFP+IFNB1"
"GTF2H1","DOWN",1,"NS5+IFNB1_vs_GFP+IFNB1"
"GTF3A","UP",1,"NS5+IFNB1_vs_GFP+IFNB1"
"GTPBP8","UP",1,"NS5+IFNB1_vs_GFP+IFNB1"
"H2AFV","UP",1,"NS5+IFNB1_vs_GFP+IFNB1"
"HERC2P3","DOWN",1,"NS5+IFNB1_vs_GFP+IFNB1"
"HERC6","DOWN",1,"NS5+IFNB1_vs_GFP+IFNB1"
"HIF1AN","UP",1,"NS5+IFNB1_vs_GFP+IFNB1"
"HIST1H2BD","DOWN",1,"NS5+IFNB1_vs_GFP+IFNB1"
"HIST1H4B","DOWN",1,"NS5+IFNB1_vs_GFP+IFNB1"
"HIST2H2AC","DOWN",1,"NS5+IFNB1_vs_GFP+IFNB1"
"HMGA2","UP",1,"NS5+IFNB1_vs_GFP+IFNB1"
"HMGB1","UP",1,"NS5+IFNB1_vs_GFP+IFNB1"
"HMMR","DOWN",1,"NS5+IFNB1_vs_GFP+IFNB1"
"HPS6","UP",1,"NS5+IFNB1_vs_GFP+IFNB1"
"HS2ST1","DOWN",1,"NS5+IFNB1_vs_GFP+IFNB1"
"HSD17B7P2","DOWN",1,"NS5+IFNB1_vs_GFP+IFNB1"
"HSD3B7","UP",1,"NS5+IFNB1_vs_GFP+IFNB1"
"HSPA14","UP",1,"NS5+IFNB1_vs_GFP+IFNB1"
"HSPA1A","DOWN",1,"NS5+IFNB1_vs_GFP+IFNB1"
"HSPA1B","DOWN",1,"NS5+IFNB1_vs_GFP+IFNB1"
"HSPA6","DOWN",1,"NS5+IFNB1_vs_GFP+IFNB1"
"HSPBAP1","DOWN",1,"NS5+IFNB1_vs_GFP+IFNB1"
"HYPK","UP",1,"NS5+IFNB1_vs_GFP+IFNB1"
"IBTK","DOWN",1,"NS5+IFNB1_vs_GFP+IFNB1"
"ICT1","UP",1,"NS5+IFNB1_vs_GFP+IFNB1"
"IER3IP1","UP",1,"NS5+IFNB1_vs_GFP+IFNB1"
"IFNB1","UP",1,"NS5+IFNB1_vs_GFP+IFNB1"
"IFT20","UP",1,"NS5+IFNB1_vs_GFP+IFNB1"
"IFT57","DOWN",1,"NS5+IFNB1_vs_GFP+IFNB1"
"IGF2BP2","DOWN",1,"NS5+IFNB1_vs_GFP+IFNB1"
"IGF2R","DOWN",1,"NS5+IFNB1_vs_GFP+IFNB1"
"IGFBP6","UP",1,"NS5+IFNB1_vs_GFP+IFNB1"
"IL22RA1","DOWN",1,"NS5+IFNB1_vs_GFP+IFNB1"
"IL29","UP",1,"NS5+IFNB1_vs_GFP+IFNB1"
"IPO13","UP",1,"NS5+IFNB1_vs_GFP+IFNB1"
"ITGAM","DOWN",1,"NS5+IFNB1_vs_GFP+IFNB1"
"ITGB4","UP",1,"NS5+IFNB1_vs_GFP+IFNB1"
"ITPA","UP",1,"NS5+IFNB1_vs_GFP+IFNB1"
"JAGN1","UP",1,"NS5+IFNB1_vs_GFP+IFNB1"
"JOSD2","UP",1,"NS5+IFNB1_vs_GFP+IFNB1"
"KANSL1L","DOWN",1,"NS5+IFNB1_vs_GFP+IFNB1"
"KARS","UP",1,"NS5+IFNB1_vs_GFP+IFNB1"
"KAT6A","DOWN",1,"NS5+IFNB1_vs_GFP+IFNB1"
"KAT7","UP",1,"NS5+IFNB1_vs_GFP+IFNB1"
"KBTBD2","DOWN",1,"NS5+IFNB1_vs_GFP+IFNB1"
"KCTD11","DOWN",1,"NS5+IFNB1_vs_GFP+IFNB1"
"KDM2A","DOWN",1,"NS5+IFNB1_vs_GFP+IFNB1"
"KDM3B","DOWN",1,"NS5+IFNB1_vs_GFP+IFNB1"
"KDM6B","DOWN",1,"NS5+IFNB1_vs_GFP+IFNB1"
"KIAA0020","UP",1,"NS5+IFNB1_vs_GFP+IFNB1"
"KIAA0753","DOWN",1,"NS5+IFNB1_vs_GFP+IFNB1"
"KIAA0754","UP",1,"NS5+IFNB1_vs_GFP+IFNB1"
"KIAA1430","UP",1,"NS5+IFNB1_vs_GFP+IFNB1"
"KIAA1467","UP",1,"NS5+IFNB1_vs_GFP+IFNB1"
"KIAA1524","DOWN",1,"NS5+IFNB1_vs_GFP+IFNB1"
"KIF3C","UP",1,"NS5+IFNB1_vs_GFP+IFNB1"
"KIFC3","UP",1,"NS5+IFNB1_vs_GFP+IFNB1"
"KLF10","DOWN",1,"NS5+IFNB1_vs_GFP+IFNB1"
"KLHDC5","DOWN",1,"NS5+IFNB1_vs_GFP+IFNB1"
"KLHL12","DOWN",1,"NS5+IFNB1_vs_GFP+IFNB1"
"KLHL15","DOWN",1,"NS5+IFNB1_vs_GFP+IFNB1"
"KLHL22","DOWN",1,"NS5+IFNB1_vs_GFP+IFNB1"
"KPNA4","DOWN",1,"NS5+IFNB1_vs_GFP+IFNB1"
"LAMTOR1","UP",1,"NS5+IFNB1_vs_GFP+IFNB1"
"LAMTOR2","UP",1,"NS5+IFNB1_vs_GFP+IFNB1"
"LATS2","DOWN",1,"NS5+IFNB1_vs_GFP+IFNB1"
"LCORL","DOWN",1,"NS5+IFNB1_vs_GFP+IFNB1"
"LEO1","UP",1,"NS5+IFNB1_vs_GFP+IFNB1"
"LEPREL4","UP",1,"NS5+IFNB1_vs_GFP+IFNB1"
"LIMD1","UP",1,"NS5+IFNB1_vs_GFP+IFNB1"
"LIN37","UP",1,"NS5+IFNB1_vs_GFP+IFNB1"
"LMAN2L","UP",1,"NS5+IFNB1_vs_GFP+IFNB1"
"LNX2","DOWN",1,"NS5+IFNB1_vs_GFP+IFNB1"
"LOC100271836","DOWN",1,"NS5+IFNB1_vs_GFP+IFNB1"
"LOC100288069","DOWN",1,"NS5+IFNB1_vs_GFP+IFNB1"
"LOC100505817","UP",1,"NS5+IFNB1_vs_GFP+IFNB1"
"LOC150381","UP",1,"NS5+IFNB1_vs_GFP+IFNB1"
"LOC388796","UP",1,"NS5+IFNB1_vs_GFP+IFNB1"
"LOC439949","UP",1,"NS5+IFNB1_vs_GFP+IFNB1"
"LOC728407","DOWN",1,"NS5+IFNB1_vs_GFP+IFNB1"
"LOC731275","DOWN",1,"NS5+IFNB1_vs_GFP+IFNB1"
"LRRC37A4P","UP",1,"NS5+IFNB1_vs_GFP+IFNB1"
"LRRC37BP1","DOWN",1,"NS5+IFNB1_vs_GFP+IFNB1"
"LSMD1","UP",1,"NS5+IFNB1_vs_GFP+IFNB1"
"MAD2L1","UP",1,"NS5+IFNB1_vs_GFP+IFNB1"
"MAFG","DOWN",1,"NS5+IFNB1_vs_GFP+IFNB1"
"MAK16","UP",1,"NS5+IFNB1_vs_GFP+IFNB1"
"MANF","UP",1,"NS5+IFNB1_vs_GFP+IFNB1"
"MAP3K13","DOWN",1,"NS5+IFNB1_vs_GFP+IFNB1"
"MAP7","UP",1,"NS5+IFNB1_vs_GFP+IFNB1"
"MARCH5","DOWN",1,"NS5+IFNB1_vs_GFP+IFNB1"
"MAT2A","UP",1,"NS5+IFNB1_vs_GFP+IFNB1"
"MAZ","UP",1,"NS5+IFNB1_vs_GFP+IFNB1"
"MBD2","UP",1,"NS5+IFNB1_vs_GFP+IFNB1"
"MBNL1","DOWN",1,"NS5+IFNB1_vs_GFP+IFNB1"
"MDH1","UP",1,"NS5+IFNB1_vs_GFP+IFNB1"
"MDH2","UP",1,"NS5+IFNB1_vs_GFP+IFNB1"
"MDN1","DOWN",1,"NS5+IFNB1_vs_GFP+IFNB1"
"MED19","UP",1,"NS5+IFNB1_vs_GFP+IFNB1"
"MED6","UP",1,"NS5+IFNB1_vs_GFP+IFNB1"
"METTL1","UP",1,"NS5+IFNB1_vs_GFP+IFNB1"
"MGRN1","UP",1,"NS5+IFNB1_vs_GFP+IFNB1"
"MGST3","UP",1,"NS5+IFNB1_vs_GFP+IFNB1"
"MLL3","DOWN",1,"NS5+IFNB1_vs_GFP+IFNB1"
"MLX","UP",1,"NS5+IFNB1_vs_GFP+IFNB1"
"MMP7","UP",1,"NS5+IFNB1_vs_GFP+IFNB1"
"MNF1","UP",1,"NS5+IFNB1_vs_GFP+IFNB1"
"MOB3B","DOWN",1,"NS5+IFNB1_vs_GFP+IFNB1"
"MORC3","DOWN",1,"NS5+IFNB1_vs_GFP+IFNB1"
"MPV17L","UP",1,"NS5+IFNB1_vs_GFP+IFNB1"
"MRPL17","UP",1,"NS5+IFNB1_vs_GFP+IFNB1"
"MRPL24","UP",1,"NS5+IFNB1_vs_GFP+IFNB1"
"MRPL3","UP",1,"NS5+IFNB1_vs_GFP+IFNB1"
"MRPL33","UP",1,"NS5+IFNB1_vs_GFP+IFNB1"
"MRPL37","UP",1,"NS5+IFNB1_vs_GFP+IFNB1"
"MRPL39","UP",1,"NS5+IFNB1_vs_GFP+IFNB1"
"MRPL40","UP",1,"NS5+IFNB1_vs_GFP+IFNB1"
"MRPL46","UP",1,"NS5+IFNB1_vs_GFP+IFNB1"
"MRPL50","UP",1,"NS5+IFNB1_vs_GFP+IFNB1"
"MRPS15","UP",1,"NS5+IFNB1_vs_GFP+IFNB1"
"MRPS18B","UP",1,"NS5+IFNB1_vs_GFP+IFNB1"
"MRPS28","UP",1,"NS5+IFNB1_vs_GFP+IFNB1"
"MRPS31P3","DOWN",1,"NS5+IFNB1_vs_GFP+IFNB1"
"MSANTD4","DOWN",1,"NS5+IFNB1_vs_GFP+IFNB1"
"MSC","DOWN",1,"NS5+IFNB1_vs_GFP+IFNB1"
"MSL3","DOWN",1,"NS5+IFNB1_vs_GFP+IFNB1"
"MSRB1","UP",1,"NS5+IFNB1_vs_GFP+IFNB1"
"MYC","DOWN",1,"NS5+IFNB1_vs_GFP+IFNB1"
"MYD88","DOWN",1,"NS5+IFNB1_vs_GFP+IFNB1"
"MYL9","DOWN",1,"NS5+IFNB1_vs_GFP+IFNB1"
"N4BP1","DOWN",1,"NS5+IFNB1_vs_GFP+IFNB1"
"NANS","UP",1,"NS5+IFNB1_vs_GFP+IFNB1"
"NARF","UP",1,"NS5+IFNB1_vs_GFP+IFNB1"
"NAT14","UP",1,"NS5+IFNB1_vs_GFP+IFNB1"
"NBAS","UP",1,"NS5+IFNB1_vs_GFP+IFNB1"
"NDUFAB1","UP",1,"NS5+IFNB1_vs_GFP+IFNB1"
"NDUFAF4","UP",1,"NS5+IFNB1_vs_GFP+IFNB1"
"NDUFB4","UP",1,"NS5+IFNB1_vs_GFP+IFNB1"
"NDUFB8","UP",1,"NS5+IFNB1_vs_GFP+IFNB1"
"NDUFS2","UP",1,"NS5+IFNB1_vs_GFP+IFNB1"
"NDUFS3","UP",1,"NS5+IFNB1_vs_GFP+IFNB1"
"NDUFV1","UP",1,"NS5+IFNB1_vs_GFP+IFNB1"
"NDUFV2","UP",1,"NS5+IFNB1_vs_GFP+IFNB1"
"NEDD4L","DOWN",1,"NS5+IFNB1_vs_GFP+IFNB1"
"NEMF","DOWN",1,"NS5+IFNB1_vs_GFP+IFNB1"
"NET1","DOWN",1,"NS5+IFNB1_vs_GFP+IFNB1"
"NFKB1","DOWN",1,"NS5+IFNB1_vs_GFP+IFNB1"
"NIT2","UP",1,"NS5+IFNB1_vs_GFP+IFNB1"
"NME3","UP",1,"NS5+IFNB1_vs_GFP+IFNB1"
"NNMT","UP",1,"NS5+IFNB1_vs_GFP+IFNB1"
"NOA1","UP",1,"NS5+IFNB1_vs_GFP+IFNB1"
"NOL11","UP",1,"NS5+IFNB1_vs_GFP+IFNB1"
"NOP10","UP",1,"NS5+IFNB1_vs_GFP+IFNB1"
"NOP2","UP",1,"NS5+IFNB1_vs_GFP+IFNB1"
"NQO2","UP",1,"NS5+IFNB1_vs_GFP+IFNB1"
"NR1D1","DOWN",1,"NS5+IFNB1_vs_GFP+IFNB1"
"NR3C1","DOWN",1,"NS5+IFNB1_vs_GFP+IFNB1"
"NSMAF","UP",1,"NS5+IFNB1_vs_GFP+IFNB1"
"NT5C2","DOWN",1,"NS5+IFNB1_vs_GFP+IFNB1"
"NT5C3L","UP",1,"NS5+IFNB1_vs_GFP+IFNB1"
"NUAK2","DOWN",1,"NS5+IFNB1_vs_GFP+IFNB1"
"NUDT5","UP",1,"NS5+IFNB1_vs_GFP+IFNB1"
"NUP133","DOWN",1,"NS5+IFNB1_vs_GFP+IFNB1"
"NUP155","DOWN",1,"NS5+IFNB1_vs_GFP+IFNB1"
"NUP188","UP",1,"NS5+IFNB1_vs_GFP+IFNB1"
"OIP5","UP",1,"NS5+IFNB1_vs_GFP+IFNB1"
"OSMR","UP",1,"NS5+IFNB1_vs_GFP+IFNB1"
"P4HB","UP",1,"NS5+IFNB1_vs_GFP+IFNB1"
"PABPC4","UP",1,"NS5+IFNB1_vs_GFP+IFNB1"
"PAPOLA","UP",1,"NS5+IFNB1_vs_GFP+IFNB1"
"PAPOLG","DOWN",1,"NS5+IFNB1_vs_GFP+IFNB1"
"PAQR5","UP",1,"NS5+IFNB1_vs_GFP+IFNB1"
"PARP14","DOWN",1,"NS5+IFNB1_vs_GFP+IFNB1"
"PDHA1","UP",1,"NS5+IFNB1_vs_GFP+IFNB1"
"PI4K2A","DOWN",1,"NS5+IFNB1_vs_GFP+IFNB1"
"PIGH","UP",1,"NS5+IFNB1_vs_GFP+IFNB1"
"PLA1A","UP",1,"NS5+IFNB1_vs_GFP+IFNB1"
"PLA2G16","UP",1,"NS5+IFNB1_vs_GFP+IFNB1"
"PLCB4","DOWN",1,"NS5+IFNB1_vs_GFP+IFNB1"
"PLEKHA2","UP",1,"NS5+IFNB1_vs_GFP+IFNB1"
"PLEKHM1","DOWN",1,"NS5+IFNB1_vs_GFP+IFNB1"
"PLSCR1","DOWN",1,"NS5+IFNB1_vs_GFP+IFNB1"
"PMM2","UP",1,"NS5+IFNB1_vs_GFP+IFNB1"
"PMPCA","UP",1,"NS5+IFNB1_vs_GFP+IFNB1"
"PMS2P3","DOWN",1,"NS5+IFNB1_vs_GFP+IFNB1"
"PNO1","UP",1,"NS5+IFNB1_vs_GFP+IFNB1"
"PNPT1","DOWN",1,"NS5+IFNB1_vs_GFP+IFNB1"
"POLL","DOWN",1,"NS5+IFNB1_vs_GFP+IFNB1"
"POLR2L","UP",1,"NS5+IFNB1_vs_GFP+IFNB1"
"POLR3D","UP",1,"NS5+IFNB1_vs_GFP+IFNB1"
"POLR3F","DOWN",1,"NS5+IFNB1_vs_GFP+IFNB1"
"POMT1","UP",1,"NS5+IFNB1_vs_GFP+IFNB1"
"PPIA","UP",1,"NS5+IFNB1_vs_GFP+IFNB1"
"PPM1A","DOWN",1,"NS5+IFNB1_vs_GFP+IFNB1"
"PPM1B","DOWN",1,"NS5+IFNB1_vs_GFP+IFNB1"
"PPP1CC","UP",1,"NS5+IFNB1_vs_GFP+IFNB1"
"PPP1R15B","DOWN",1,"NS5+IFNB1_vs_GFP+IFNB1"
"PPP1R2","DOWN",1,"NS5+IFNB1_vs_GFP+IFNB1"
"PRAME","UP",1,"NS5+IFNB1_vs_GFP+IFNB1"
"PRDM4","DOWN",1,"NS5+IFNB1_vs_GFP+IFNB1"
"PRKCDBP","UP",1,"NS5+IFNB1_vs_GFP+IFNB1"
"PRMT1","UP",1,"NS5+IFNB1_vs_GFP+IFNB1"
"PRPF38B","DOWN",1,"NS5+IFNB1_vs_GFP+IFNB1"
"PRPS1","UP",1,"NS5+IFNB1_vs_GFP+IFNB1"
"PSAP","UP",1,"NS5+IFNB1_vs_GFP+IFNB1"
"PSMA4","UP",1,"NS5+IFNB1_vs_GFP+IFNB1"
"PSMB2","UP",1,"NS5+IFNB1_vs_GFP+IFNB1"
"PSMB3","UP",1,"NS5+IFNB1_vs_GFP+IFNB1"
"PSMD8","UP",1,"NS5+IFNB1_vs_GFP+IFNB1"
"PTGS2","UP",1,"NS5+IFNB1_vs_GFP+IFNB1"
"PTMA","UP",1,"NS5+IFNB1_vs_GFP+IFNB1"
"PTPN1","UP",1,"NS5+IFNB1_vs_GFP+IFNB1"
"PTPN14","DOWN",1,"NS5+IFNB1_vs_GFP+IFNB1"
"PTPRK","DOWN",1,"NS5+IFNB1_vs_GFP+IFNB1"
"RAB1B","UP",1,"NS5+IFNB1_vs_GFP+IFNB1"
"RAB30","DOWN",1,"NS5+IFNB1_vs_GFP+IFNB1"
"RAB31","UP",1,"NS5+IFNB1_vs_GFP+IFNB1"
"RAB7A","DOWN",1,"NS5+IFNB1_vs_GFP+IFNB1"
"RAB9A","DOWN",1,"NS5+IFNB1_vs_GFP+IFNB1"
"RABL6","UP",1,"NS5+IFNB1_vs_GFP+IFNB1"
"RAC1","DOWN",1,"NS5+IFNB1_vs_GFP+IFNB1"
"RANBP6","DOWN",1,"NS5+IFNB1_vs_GFP+IFNB1"
"RANGAP1","DOWN",1,"NS5+IFNB1_vs_GFP+IFNB1"
"RBAK","DOWN",1,"NS5+IFNB1_vs_GFP+IFNB1"
"RBM25","DOWN",1,"NS5+IFNB1_vs_GFP+IFNB1"
"RBM33","DOWN",1,"NS5+IFNB1_vs_GFP+IFNB1"
"RBM8A","UP",1,"NS5+IFNB1_vs_GFP+IFNB1"
"RELB","DOWN",1,"NS5+IFNB1_vs_GFP+IFNB1"
"REV3L","DOWN",1,"NS5+IFNB1_vs_GFP+IFNB1"
"RFFL","UP",1,"NS5+IFNB1_vs_GFP+IFNB1"
"RFT1","UP",1,"NS5+IFNB1_vs_GFP+IFNB1"
"RHEB","UP",1,"NS5+IFNB1_vs_GFP+IFNB1"
"RIMKLB","DOWN",1,"NS5+IFNB1_vs_GFP+IFNB1"
"RMRP","DOWN",1,"NS5+IFNB1_vs_GFP+IFNB1"
"RNF10","DOWN",1,"NS5+IFNB1_vs_GFP+IFNB1"
"RNF139","DOWN",1,"NS5+IFNB1_vs_GFP+IFNB1"
"RNF149","DOWN",1,"NS5+IFNB1_vs_GFP+IFNB1"
"RNF167","UP",1,"NS5+IFNB1_vs_GFP+IFNB1"
"RNF213","DOWN",1,"NS5+IFNB1_vs_GFP+IFNB1"
"RNF40","UP",1,"NS5+IFNB1_vs_GFP+IFNB1"
"ROMO1","UP",1,"NS5+IFNB1_vs_GFP+IFNB1"
"RPE","UP",1,"NS5+IFNB1_vs_GFP+IFNB1"
"RPL11","UP",1,"NS5+IFNB1_vs_GFP+IFNB1"
"RPL22","UP",1,"NS5+IFNB1_vs_GFP+IFNB1"
"RPL23A","UP",1,"NS5+IFNB1_vs_GFP+IFNB1"
"RPL26","UP",1,"NS5+IFNB1_vs_GFP+IFNB1"
"RPL27","UP",1,"NS5+IFNB1_vs_GFP+IFNB1"
"RPL29","UP",1,"NS5+IFNB1_vs_GFP+IFNB1"
"RPL4","UP",1,"NS5+IFNB1_vs_GFP+IFNB1"
"RPL6","UP",1,"NS5+IFNB1_vs_GFP+IFNB1"
"RPL7A","UP",1,"NS5+IFNB1_vs_GFP+IFNB1"
"RPLP2","UP",1,"NS5+IFNB1_vs_GFP+IFNB1"
"RPP40","UP",1,"NS5+IFNB1_vs_GFP+IFNB1"
"RPRD1A","DOWN",1,"NS5+IFNB1_vs_GFP+IFNB1"
"RPS11","UP",1,"NS5+IFNB1_vs_GFP+IFNB1"
"RPS14","UP",1,"NS5+IFNB1_vs_GFP+IFNB1"
"RPS3","UP",1,"NS5+IFNB1_vs_GFP+IFNB1"
"RPS4Y1","UP",1,"NS5+IFNB1_vs_GFP+IFNB1"
"RRAGC","DOWN",1,"NS5+IFNB1_vs_GFP+IFNB1"
"RRP7A","UP",1,"NS5+IFNB1_vs_GFP+IFNB1"
"RSL1D1","UP",1,"NS5+IFNB1_vs_GFP+IFNB1"
"RSL24D1","UP",1,"NS5+IFNB1_vs_GFP+IFNB1"
"S100A4","UP",1,"NS5+IFNB1_vs_GFP+IFNB1"
"S100P","UP",1,"NS5+IFNB1_vs_GFP+IFNB1"
"SAMD9L","DOWN",1,"NS5+IFNB1_vs_GFP+IFNB1"
"SAMHD1","DOWN",1,"NS5+IFNB1_vs_GFP+IFNB1"
"SCARNA10","DOWN",1,"NS5+IFNB1_vs_GFP+IFNB1"
"SCARNA12","DOWN",1,"NS5+IFNB1_vs_GFP+IFNB1"
"SCARNA3","DOWN",1,"NS5+IFNB1_vs_GFP+IFNB1"
"SCARNA7","DOWN",1,"NS5+IFNB1_vs_GFP+IFNB1"
"SEC61G","UP",1,"NS5+IFNB1_vs_GFP+IFNB1"
"SEMA4B","UP",1,"NS5+IFNB1_vs_GFP+IFNB1"
"SENP6","DOWN",1,"NS5+IFNB1_vs_GFP+IFNB1"
"SERF1A","UP",1,"NS5+IFNB1_vs_GFP+IFNB1"
"SERINC1","DOWN",1,"NS5+IFNB1_vs_GFP+IFNB1"
"SERTAD2","DOWN",1,"NS5+IFNB1_vs_GFP+IFNB1"
"SETD5","DOWN",1,"NS5+IFNB1_vs_GFP+IFNB1"
"SF3B5","UP",1,"NS5+IFNB1_vs_GFP+IFNB1"
"SFT2D2","UP",1,"NS5+IFNB1_vs_GFP+IFNB1"
"SH3GLB2","UP",1,"NS5+IFNB1_vs_GFP+IFNB1"
"SLC25A11","UP",1,"NS5+IFNB1_vs_GFP+IFNB1"
"SLC25A19","UP",1,"NS5+IFNB1_vs_GFP+IFNB1"
"SLC25A4","UP",1,"NS5+IFNB1_vs_GFP+IFNB1"
"SLC29A1","UP",1,"NS5+IFNB1_vs_GFP+IFNB1"
"SLC2A1","UP",1,"NS5+IFNB1_vs_GFP+IFNB1"
"SLC5A6","UP",1,"NS5+IFNB1_vs_GFP+IFNB1"
"SLMAP","DOWN",1,"NS5+IFNB1_vs_GFP+IFNB1"
"SNHG12","DOWN",1,"NS5+IFNB1_vs_GFP+IFNB1"
"SNORA1","DOWN",1,"NS5+IFNB1_vs_GFP+IFNB1"
"SNORA16A","DOWN",1,"NS5+IFNB1_vs_GFP+IFNB1"
"SNORA23","DOWN",1,"NS5+IFNB1_vs_GFP+IFNB1"
"SNORA31","DOWN",1,"NS5+IFNB1_vs_GFP+IFNB1"
"SNORA34","DOWN",1,"NS5+IFNB1_vs_GFP+IFNB1"
"SNORA38","DOWN",1,"NS5+IFNB1_vs_GFP+IFNB1"
"SNORA43","DOWN",1,"NS5+IFNB1_vs_GFP+IFNB1"
"SNORA49","DOWN",1,"NS5+IFNB1_vs_GFP+IFNB1"
"SNORA52","DOWN",1,"NS5+IFNB1_vs_GFP+IFNB1"
"SNORA62","DOWN",1,"NS5+IFNB1_vs_GFP+IFNB1"
"SNORA63","DOWN",1,"NS5+IFNB1_vs_GFP+IFNB1"
"SNORA65","DOWN",1,"NS5+IFNB1_vs_GFP+IFNB1"
"SNORA67","DOWN",1,"NS5+IFNB1_vs_GFP+IFNB1"
"SNORA74A","DOWN",1,"NS5+IFNB1_vs_GFP+IFNB1"
"SNORA81","DOWN",1,"NS5+IFNB1_vs_GFP+IFNB1"
"SNORD17","DOWN",1,"NS5+IFNB1_vs_GFP+IFNB1"
"SNORD94","DOWN",1,"NS5+IFNB1_vs_GFP+IFNB1"
"SNRK","DOWN",1,"NS5+IFNB1_vs_GFP+IFNB1"
"SNRPA1","UP",1,"NS5+IFNB1_vs_GFP+IFNB1"
"SNRPD1","UP",1,"NS5+IFNB1_vs_GFP+IFNB1"
"SNX27","DOWN",1,"NS5+IFNB1_vs_GFP+IFNB1"
"SOD1","UP",1,"NS5+IFNB1_vs_GFP+IFNB1"
"SOD2","UP",1,"NS5+IFNB1_vs_GFP+IFNB1"
"SPAG1","DOWN",1,"NS5+IFNB1_vs_GFP+IFNB1"
"SPCS2","UP",1,"NS5+IFNB1_vs_GFP+IFNB1"
"SPHK1","DOWN",1,"NS5+IFNB1_vs_GFP+IFNB1"
"SPP1","UP",1,"NS5+IFNB1_vs_GFP+IFNB1"
"SPRED1","DOWN",1,"NS5+IFNB1_vs_GFP+IFNB1"
"SPRYD3","UP",1,"NS5+IFNB1_vs_GFP+IFNB1"
"SRGAP1","DOWN",1,"NS5+IFNB1_vs_GFP+IFNB1"
"SRP14","UP",1,"NS5+IFNB1_vs_GFP+IFNB1"
"SRP54","UP",1,"NS5+IFNB1_vs_GFP+IFNB1"
"SRSF2","DOWN",1,"NS5+IFNB1_vs_GFP+IFNB1"
"SRSF4","DOWN",1,"NS5+IFNB1_vs_GFP+IFNB1"
"SSR2","UP",1,"NS5+IFNB1_vs_GFP+IFNB1"
"SSR3","UP",1,"NS5+IFNB1_vs_GFP+IFNB1"
"ST13","DOWN",1,"NS5+IFNB1_vs_GFP+IFNB1"
"STK32C","UP",1,"NS5+IFNB1_vs_GFP+IFNB1"
"STPG1","UP",1,"NS5+IFNB1_vs_GFP+IFNB1"
"STRA13","UP",1,"NS5+IFNB1_vs_GFP+IFNB1"
"STX4","UP",1,"NS5+IFNB1_vs_GFP+IFNB1"
"SUDS3","DOWN",1,"NS5+IFNB1_vs_GFP+IFNB1"
"SUMO1P3","UP",1,"NS5+IFNB1_vs_GFP+IFNB1"
"SUN1","UP",1,"NS5+IFNB1_vs_GFP+IFNB1"
"SYMPK","UP",1,"NS5+IFNB1_vs_GFP+IFNB1"
"TAB1","UP",1,"NS5+IFNB1_vs_GFP+IFNB1"
"TAF12","UP",1,"NS5+IFNB1_vs_GFP+IFNB1"
"TAF1D","DOWN",1,"NS5+IFNB1_vs_GFP+IFNB1"
"TAF7","DOWN",1,"NS5+IFNB1_vs_GFP+IFNB1"
"TAGLN","DOWN",1,"NS5+IFNB1_vs_GFP+IFNB1"
"TAOK3","DOWN",1,"NS5+IFNB1_vs_GFP+IFNB1"
"TARDBP","DOWN",1,"NS5+IFNB1_vs_GFP+IFNB1"
"TATDN3","UP",1,"NS5+IFNB1_vs_GFP+IFNB1"
"TDRD7","DOWN",1,"NS5+IFNB1_vs_GFP+IFNB1"
"TEAD4","UP",1,"NS5+IFNB1_vs_GFP+IFNB1"
"TEF","DOWN",1,"NS5+IFNB1_vs_GFP+IFNB1"
"TFCP2","UP",1,"NS5+IFNB1_vs_GFP+IFNB1"
"THOC6","DOWN",1,"NS5+IFNB1_vs_GFP+IFNB1"
"TIMM17B","UP",1,"NS5+IFNB1_vs_GFP+IFNB1"
"TIMM21","UP",1,"NS5+IFNB1_vs_GFP+IFNB1"
"TIMM9","UP",1,"NS5+IFNB1_vs_GFP+IFNB1"
"TM4SF1","UP",1,"NS5+IFNB1_vs_GFP+IFNB1"
"TMED2","UP",1,"NS5+IFNB1_vs_GFP+IFNB1"
"TMED5","UP",1,"NS5+IFNB1_vs_GFP+IFNB1"
"TMEFF1","DOWN",1,"NS5+IFNB1_vs_GFP+IFNB1"
"TMEM101","UP",1,"NS5+IFNB1_vs_GFP+IFNB1"
"TMEM106C","UP",1,"NS5+IFNB1_vs_GFP+IFNB1"
"TMEM128","DOWN",1,"NS5+IFNB1_vs_GFP+IFNB1"
"TMEM147","UP",1,"NS5+IFNB1_vs_GFP+IFNB1"
"TMEM160","UP",1,"NS5+IFNB1_vs_GFP+IFNB1"
"TMPO","DOWN",1,"NS5+IFNB1_vs_GFP+IFNB1"
"TMX2","UP",1,"NS5+IFNB1_vs_GFP+IFNB1"
"TNFAIP2","DOWN",1,"NS5+IFNB1_vs_GFP+IFNB1"
"TNFRSF1A","UP",1,"NS5+IFNB1_vs_GFP+IFNB1"
"TNNT1","UP",1,"NS5+IFNB1_vs_GFP+IFNB1"
"TNRC6A","DOWN",1,"NS5+IFNB1_vs_GFP+IFNB1"
"TOP1","DOWN",1,"NS5+IFNB1_vs_GFP+IFNB1"
"TP53INP1","DOWN",1,"NS5+IFNB1_vs_GFP+IFNB1"
"TPD52L2","UP",1,"NS5+IFNB1_vs_GFP+IFNB1"
"TPI1","UP",1,"NS5+IFNB1_vs_GFP+IFNB1"
"TRAPPC2L","UP",1,"NS5+IFNB1_vs_GFP+IFNB1"
"TRIM21","DOWN",1,"NS5+IFNB1_vs_GFP+IFNB1"
"TRIM25","DOWN",1,"NS5+IFNB1_vs_GFP+IFNB1"
"TRIM31","UP",1,"NS5+IFNB1_vs_GFP+IFNB1"
"TRIM37","DOWN",1,"NS5+IFNB1_vs_GFP+IFNB1"
"TRIM8","DOWN",1,"NS5+IFNB1_vs_GFP+IFNB1"
"TRIO","DOWN",1,"NS5+IFNB1_vs_GFP+IFNB1"
"TRIP6","UP",1,"NS5+IFNB1_vs_GFP+IFNB1"
"TSR2","DOWN",1,"NS5+IFNB1_vs_GFP+IFNB1"
"TST","UP",1,"NS5+IFNB1_vs_GFP+IFNB1"
"TUFM","DOWN",1,"NS5+IFNB1_vs_GFP+IFNB1"
"UBE2H","UP",1,"NS5+IFNB1_vs_GFP+IFNB1"
"UBE2R2","DOWN",1,"NS5+IFNB1_vs_GFP+IFNB1"
"UBE2V2","UP",1,"NS5+IFNB1_vs_GFP+IFNB1"
"UBE3C","DOWN",1,"NS5+IFNB1_vs_GFP+IFNB1"
"UBL3","DOWN",1,"NS5+IFNB1_vs_GFP+IFNB1"
"UPK1B","UP",1,"NS5+IFNB1_vs_GFP+IFNB1"
"UQCRHL","UP",1,"NS5+IFNB1_vs_GFP+IFNB1"
"UQCRQ","UP",1,"NS5+IFNB1_vs_GFP+IFNB1"
"USP7","UP",1,"NS5+IFNB1_vs_GFP+IFNB1"
"UTP14A","UP",1,"NS5+IFNB1_vs_GFP+IFNB1"
"VCP","UP",1,"NS5+IFNB1_vs_GFP+IFNB1"
"VCPIP1","DOWN",1,"NS5+IFNB1_vs_GFP+IFNB1"
"VDAC3","UP",1,"NS5+IFNB1_vs_GFP+IFNB1"
"VEZF1","DOWN",1,"NS5+IFNB1_vs_GFP+IFNB1"
"VEZT","DOWN",1,"NS5+IFNB1_vs_GFP+IFNB1"
"VMP1","UP",1,"NS5+IFNB1_vs_GFP+IFNB1"
"VPS25","UP",1,"NS5+IFNB1_vs_GFP+IFNB1"
"VPS4A","UP",1,"NS5+IFNB1_vs_GFP+IFNB1"
"WAC","DOWN",1,"NS5+IFNB1_vs_GFP+IFNB1"
"WIPI2","UP",1,"NS5+IFNB1_vs_GFP+IFNB1"
"WRB","UP",1,"NS5+IFNB1_vs_GFP+IFNB1"
"XAGE1C","UP",1,"NS5+IFNB1_vs_GFP+IFNB1"
"XPO1","UP",1,"NS5+IFNB1_vs_GFP+IFNB1"
"XPO7","UP",1,"NS5+IFNB1_vs_GFP+IFNB1"
"YIF1B","UP",1,"NS5+IFNB1_vs_GFP+IFNB1"
"YME1L1","DOWN",1,"NS5+IFNB1_vs_GFP+IFNB1"
"YTHDF1","DOWN",1,"NS5+IFNB1_vs_GFP+IFNB1"
"YWHAB","DOWN",1,"NS5+IFNB1_vs_GFP+IFNB1"
"YWHAE","UP",1,"NS5+IFNB1_vs_GFP+IFNB1"
"YWHAG","DOWN",1,"NS5+IFNB1_vs_GFP+IFNB1"
"ZC3H11A","DOWN",1,"NS5+IFNB1_vs_GFP+IFNB1"
"ZC3H13","UP",1,"NS5+IFNB1_vs_GFP+IFNB1"
"ZC3H15","DOWN",1,"NS5+IFNB1_vs_GFP+IFNB1"
"ZFY","DOWN",1,"NS5+IFNB1_vs_GFP+IFNB1"
"ZMAT2","UP",1,"NS5+IFNB1_vs_GFP+IFNB1"
"ZMAT3","DOWN",1,"NS5+IFNB1_vs_GFP+IFNB1"
"ZNF136","DOWN",1,"NS5+IFNB1_vs_GFP+IFNB1"
"ZNF24","DOWN",1,"NS5+IFNB1_vs_GFP+IFNB1"
"ZNF26","DOWN",1,"NS5+IFNB1_vs_GFP+IFNB1"
"ZNF295","DOWN",1,"NS5+IFNB1_vs_GFP+IFNB1"
"ZNF383","DOWN",1,"NS5+IFNB1_vs_GFP+IFNB1"
"ZNF462","DOWN",1,"NS5+IFNB1_vs_GFP+IFNB1"
"ZNF542","DOWN",1,"NS5+IFNB1_vs_GFP+IFNB1"
"ZNF567","DOWN",1,"NS5+IFNB1_vs_GFP+IFNB1"
"ZNF615","DOWN",1,"NS5+IFNB1_vs_GFP+IFNB1"
"ZNF618","UP",1,"NS5+IFNB1_vs_GFP+IFNB1"
"ZNF654","DOWN",1,"NS5+IFNB1_vs_GFP+IFNB1"
"ZNF79","DOWN",1,"NS5+IFNB1_vs_GFP+IFNB1"
"ZNF800","DOWN",1,"NS5+IFNB1_vs_GFP+IFNB1"
"ZNF81","DOWN",1,"NS5+IFNB1_vs_GFP+IFNB1"
"ZYX","DOWN",1,"NS5+IFNB1_vs_GFP+IFNB1"
